"registration_area";"registration_region";"tot_number_new_cases";"pop_number";"prob";"infections100";"infections200";"infections500";"infections1000"
"Вінницька";"Барський район";18;50000;0.00036;0;0;0;0
"Вінницька";"Бершадський район";48;56776;0.000845427645484007;0;0;0;1
"Вінницька";"Вінницький район";192;81278;0.00236226285095598;0;0;1;2
"Вінницька";"Вінниця";1080;370707;0.00291335205431783;0;1;1;3
"Вінницька";"Гайсинський район";21;55331;0.000379534076738176;0;0;0;0
"Вінницька";"Жмеринка";54;34353;0.0015719151165837;0;0;1;2
"Вінницька";"Жмеринський район";69;32552;0.00211968542639469;0;0;1;2
"Вінницька";"Іллінецький район";18;36249;0.000496565422494414;0;0;0;0
"Вінницька";"Калинівський район";96;56268;0.00170612070804009;0;0;1;2
"Вінницька";"Козятин";66;22951;0.00287569169099386;0;1;1;3
"Вінницька";"Козятинський район";30;37618;0.000797490563028337;0;0;0;1
"Вінницька";"Крижопільський район";30;32134;0.000933590589406859;0;0;0;1
"Вінницька";"Ладижин";0;22589;0;0;0;0;0
"Вінницька";"Липовецький район";9;36123;0.000249148741798854;0;0;0;0
"Вінницька";"Літинський район";15;33691;0.00044522275978748;0;0;0;0
"Вінницька";"Могилів-Подільський";69;30389;0.00227055842574616;0;0;1;2
"Вінницька";"Могилів-Подільський район";96;31793;0.00301953260151606;0;1;2;3
"Вінницька";"Мурованокуриловецький район";3;23971;0.000125151224396145;0;0;0;0
"Вінницька";"Немирівський район";48;46906;0.00102332324222914;0;0;1;1
"Вінницька";"Оратівський район";0;19809;0;0;0;0;0
"Вінницька";"Піщанський район";12;20021;0.000599370660806154;0;0;0;1
"Вінницька";"Погребищенський район";9;28321;0.000317785388934007;0;0;0;0
"Вінницька";"Теплицький район";3;26946;0.000111333778668448;0;0;0;0
"Вінницька";"Тиврівський район";45;40873;0.00110097130134808;0;0;1;1
"Вінницька";"Томашпільський район";45;31944;0.00140871525169046;0;0;1;1
"Вінницька";"Тростянецький район";42;34304;0.00122434701492537;0;0;1;1
"Вінницька";"Тульчинський район";42;53426;0.000786134092015124;0;0;0;1
"Вінницька";"Хмільник";18;27398;0.00065698226147894;0;0;0;1
"Вінницька";"Хмільницький район";75;34576;0.00216913465987969;0;0;1;2
"Вінницька";"Чернівецький район";15;20209;0.000742243554851799;0;0;0;1
"Вінницька";"Чечельницький район";3;20120;0.000149105367793241;0;0;0;0
"Вінницька";"Шаргородський район";54;55359;0.000975451146155097;0;0;0;1
"Вінницька";"Ямпільський район";12;38110;0.000314877984780897;0;0;0;0
"Волинська";"Благодатне";3;4666;0.000642948992713245;0;0;0;1
"Волинська";"Володимир-Волинський";96;38340;0.00250391236306729;0;1;1;3
"Волинська";"Володимир-Волинський район";63;24545;0.00256671419841108;0;1;1;3
"Волинська";"Горохівський район";129;50220;0.00256869772998805;0;1;1;3
"Волинська";"Іваничівський район";15;31231;0.000480292017546668;0;0;0;0
"Волинська";"Камінь-Каширський район";33;63919;0.000516278414868818;0;0;0;1
"Волинська";"Ківерцівський район";123;63576;0.00193469233673084;0;0;1;2
"Волинська";"Ковель";72;68240;0.00105509964830012;0;0;1;1
"Волинська";"Ковельський район";15;40395;0.000371333085777943;0;0;0;0
"Волинська";"Локачинський район";0;21586;0;0;0;0;0
"Волинська";"Луцьк";714;217315;0.00328555322918344;0;1;2;3
"Волинська";"Луцький район";324;66875;0.00484485981308411;0;1;2;5
"Волинська";"Любешівський район";84;35134;0.00239084647350145;0;0;1;2
"Волинська";"Любомльський район";18;38578;0.000466587174037016;0;0;0;0
"Волинська";"Маневицький район";192;53481;0.00359006002131598;0;1;2;4
"Волинська";"Нововолинськ";51;51010;0.000999803960007842;0;0;0;1
"Волинська";"Ратнівський район";36;51817;0.000694752687341992;0;0;0;1
"Волинська";"Рожищенський район";42;38359;0.00109491905419849;0;0;1;1
"Волинська";"Старовижівський район";18;29660;0.000606877950101146;0;0;0;1
"Волинська";"Турійський район";60;25889;0.00231758661979991;0;0;1;2
"Волинська";"Шацький район";24;16585;0.00144709074464878;0;0;1;1
"Дніпропетровська";"Апостолівський район";0;52509;0;0;0;0;0
"Дніпропетровська";"Верхньодніпровський район";9;51469;0.000174862538615477;0;0;0;0
"Дніпропетровська";"Дніпро";1116;990724;0.00112644894037088;0;0;1;1
"Дніпропетровська";"Дніпровський район";81;83879;0.000965676748649841;0;0;0;1
"Дніпропетровська";"Жовті Води";9;43591;0.000206464637195751;0;0;0;0
"Дніпропетровська";"Кам’янське";21;231915;9.05504171787077e-05;0;0;0;0
"Дніпропетровська";"Карнаухівка";3;6645;0.000451467268623025;0;0;0;0
"Дніпропетровська";"Кривий Ріг";324;619278;0.000523189908247992;0;0;0;1
"Дніпропетровська";"Криворізький район";3;43807;6.84822060401306e-05;0;0;0;0
"Дніпропетровська";"Криничанський район";3;34133;8.78914833152667e-05;0;0;0;0
"Дніпропетровська";"Магдалинівський район";12;32844;0.000365363536719035;0;0;0;0
"Дніпропетровська";"Марганець";3;46097;6.50801570601124e-05;0;0;0;0
"Дніпропетровська";"Межівський район";3;22579;0.000132866823154258;0;0;0;0
"Дніпропетровська";"Нікополь";24;109122;0.000219937317864409;0;0;0;0
"Дніпропетровська";"Нікопольський район";0;38879;0;0;0;0;0
"Дніпропетровська";"Новомосковськ";30;70357;0.000426396804866609;0;0;0;0
"Дніпропетровська";"Новомосковський район";27;71613;0.000377026517531733;0;0;0;0
"Дніпропетровська";"П'ятихатський район";3;43469;6.90147001311279e-05;0;0;0;0
"Дніпропетровська";"Павлоград";60;104225;0.000575677620532502;0;0;0;1
"Дніпропетровська";"Павлоградський район";3;26723;0.000112262844740486;0;0;0;0
"Дніпропетровська";"Першотравенськ";0;27892;0;0;0;0;0
"Дніпропетровська";"Петриківський район";0;24479;0;0;0;0;0
"Дніпропетровська";"Петропавлівський район";0;25119;0;0;0;0;0
"Дніпропетровська";"Покров";6;38570;0.000155561317085818;0;0;0;0
"Дніпропетровська";"Синельниківський район";15;36845;0.000407110869860225;0;0;0;0
"Дніпропетровська";"Синельникове";6;30321;0.000197882655585238;0;0;0;0
"Дніпропетровська";"Солонянський район";21;37429;0.000561062277912848;0;0;0;1
"Дніпропетровська";"Софіївський район";9;20562;0.000437700612780858;0;0;0;0
"Дніпропетровська";"Тернівка";0;27635;0;0;0;0;0
"Дніпропетровська";"Томаківський район";3;23749;0.00012632110825719;0;0;0;0
"Дніпропетровська";"Царичанський район";9;26079;0.000345105257103417;0;0;0;0
"Дніпропетровська";"Широківський район";3;25696;0.000116749688667497;0;0;0;0
"Дніпропетровська";"Юр'ївський район";6;12643;0.00047457090880329;0;0;0;0
"Донецька";"Бахмут";60;73212;0.00081953778069169;0;0;0;1
"Донецька";"Біленьке";3;9371;0.000320136591612421;0;0;0;0
"Донецька";"Великоновосілківський район";0;37144;0;0;0;0;0
"Донецька";"Волноваський район";15;95805;0.000156568028808517;0;0;0;0
"Донецька";"Вугледар";18;14616;0.00123152709359606;0;0;1;1
"Донецька";"Добропілля";0;29129;0;0;0;0;0
"Донецька";"Дружківка";12;55984;0.000214346956273221;0;0;0;0
"Донецька";"Костянтинівка";3;69817;4.29694773479239e-05;0;0;0;0
"Донецька";"Краматорськ";231;152120;0.0015185379963187;0;0;1;2
"Донецька";"Лиман";36;20768;0.00173343605546995;0;0;1;2
"Донецька";"Лиманський район";3;21799;0.000137620991788614;0;0;0;0
"Донецька";"Мангушський район";96;25524;0.00376116596144805;0;1;2;4
"Донецька";"Мар'їнський район";18;79117;0.000227511154366318;0;0;0;0
"Донецька";"Маріуполь";222;436569;0.000508510682160208;0;0;0;1
"Донецька";"Миколаївка";15;14564;0.00102993683054106;0;0;1;1
"Донецька";"Мирноград";6;47460;0.000126422250316056;0;0;0;0
"Донецька";"Нікольський район";9;27337;0.000329224128470571;0;0;0;0
"Донецька";"Покровськ";6;61770;9.71345313258863e-05;0;0;0;0
"Донецька";"Покровський район";3;29449;0.000101871031274407;0;0;0;0
"Донецька";"Святогірськ";0;4369;0;0;0;0;0
"Донецька";"Селидове";3;22276;0.000134674088705333;0;0;0;0
"Донецька";"Слов'янський район";231;45917;0.00503081647320165;1;1;3;5
"Донецька";"Талаківка";3;3926;0.00076413652572593;0;0;0;1
"Донецька";"Торецьк";3;32027;9.36709651231773e-05;0;0;0;0
"Донецька";"Українськ";3;11035;0.000271862256456729;0;0;0;0
"Донецька";"Часів Яр";0;12756;0;0;0;0;0
"Житомирська";"Андрушівський район";54;32030;0.00168591945051514;0;0;1;2
"Житомирська";"Баранівський район";24;38510;0.000623214749415736;0;0;0;1
"Житомирська";"Бердичів";165;74839;0.00220473282646748;0;0;1;2
"Житомирська";"Бердичівський район";90;27587;0.00326240620582158;0;1;2;3
"Житомирська";"Брусилівський район";33;14539;0.00226975720475961;0;0;1;2
"Житомирська";"Ємільчинський район";63;31615;0.00199272497232326;0;0;1;2
"Житомирська";"Житомир";660;264318;0.002496992259324;0;0;1;2
"Житомирська";"Житомирський район";228;72213;0.00315732624319721;0;1;2;3
"Житомирська";"Коростенський район";141;25297;0.00557378345258331;1;1;3;6
"Житомирська";"Коростень";366;62833;0.00582496458867156;1;1;3;6
"Житомирська";"Коростишівський район";27;39432;0.000684723067559343;0;0;0;1
"Житомирська";"Лугинський район";60;15691;0.00382384806577019;0;1;2;4
"Житомирська";"Любарський район";30;26032;0.00115242778119238;0;0;1;1
"Житомирська";"Малин";27;25831;0.00104525570051489;0;0;1;1
"Житомирська";"Малинський район";0;18010;0;0;0;0;0
"Житомирська";"Народицький район";0;9458;0;0;0;0;0
"Житомирська";"Новоград-Волинський";33;55790;0.000591503853737229;0;0;0;1
"Житомирська";"Новоград-Волинський район";3;43789;6.85103564822216e-05;0;0;0;0
"Житомирська";"Овруцький район";153;53916;0.00283774760738927;0;1;1;3
"Житомирська";"Олевський район";9;40721;0.000221016183296088;0;0;0;0
"Житомирська";"Попільнянський район";138;30106;0.00458380389291171;0;1;2;5
"Житомирська";"Пулинський район";57;22193;0.00256837741630244;0;1;1;3
"Житомирська";"Радомишльський район";12;36069;0.000332695666638942;0;0;0;0
"Житомирська";"Романівський район";54;27334;0.00197556157166898;0;0;1;2
"Житомирська";"Ружинський район";24;25520;0.000940438871473354;0;0;0;1
"Житомирська";"Хорошівський район";51;33828;0.00150762681802057;0;0;1;2
"Житомирська";"Черняхівський район";45;27464;0.00163850859306729;0;0;1;2
"Житомирська";"Чуднівський район";45;33247;0.00135350557945078;0;0;1;1
"Закарпатська";"Берегівський район";72;50196;0.00143437724121444;0;0;1;1
"Закарпатська";"Берегове";60;23571;0.00254550082728777;0;1;1;3
"Закарпатська";"Великоберезнянський район";27;26060;0.00103607060629317;0;0;1;1
"Закарпатська";"Виноградівський район";225;120795;0.00186265987830622;0;0;1;2
"Закарпатська";"Воловецький район";36;23709;0.00151841073010249;0;0;1;2
"Закарпатська";"Іршавський район";192;100294;0.00191437174706363;0;0;1;2
"Закарпатська";"Міжгірський район";216;47360;0.00456081081081081;0;1;2;5
"Закарпатська";"Мукачево";279;85796;0.00325189985547112;0;1;2;3
"Закарпатська";"Мукачівський район";249;99518;0.00250205992885709;0;1;1;3
"Закарпатська";"Перечинський район";96;31688;0.00302953799545569;0;1;2;3
"Закарпатська";"Рахівський район";162;92543;0.0017505375879321;0;0;1;2
"Закарпатська";"Свалявський район";84;54138;0.00155159038013964;0;0;1;2
"Закарпатська";"Тячівський район";492;175048;0.00281065764818793;0;1;1;3
"Закарпатська";"Ужгород";669;115512;0.00579160606690214;1;1;3;6
"Закарпатська";"Ужгородський район";258;71640;0.00360134003350084;0;1;2;4
"Закарпатська";"Хуст";51;28321;0.00180078387062604;0;0;1;2
"Закарпатська";"Хустський район";138;95195;0.00144965596932612;0;0;1;1
"Закарпатська";"Чоп";66;8819;0.00748384170540878;1;1;4;7
"Запорізька";"Бердянськ";114;109187;0.00104408033923452;0;0;1;1
"Запорізька";"Бердянський район";3;24274;0.000123589025294554;0;0;0;0
"Запорізька";"Більмацький район";0;20922;0;0;0;0;0
"Запорізька";"Василівський район";3;60962;4.92109838916046e-05;0;0;0;0
"Запорізька";"Великобілозерський район";0;7644;0;0;0;0;0
"Запорізька";"Веселівський район";3;20672;0.000145123839009288;0;0;0;0
"Запорізька";"Вільнянський район";18;45621;0.000394555139080687;0;0;0;0
"Запорізька";"Гуляйпільський район";3;25337;0.000118403915222797;0;0;0;0
"Запорізька";"Енергодар";57;53343;0.00106855632416624;0;0;1;1
"Запорізька";"Запоріжжя";534;731922;0.000729585939485355;0;0;0;1
"Запорізька";"Запорізький район";33;56364;0.000585480093676815;0;0;0;1
"Запорізька";"Кам'янсько-Дніпровський район";9;38365;0.000234588817933012;0;0;0;0
"Запорізька";"Мелітополь";213;151948;0.00140179535104115;0;0;1;1
"Запорізька";"Мелітопольський район";18;48191;0.000373513726629454;0;0;0;0
"Запорізька";"Михайлівський район";0;27862;0;0;0;0;0
"Запорізька";"Нововасилівка";0;2229;0;0;0;0;0
"Запорізька";"Новомиколаївський район";15;15068;0.000995487125033183;0;0;0;1
"Запорізька";"Оріхівський район";39;44114;0.000884073083374892;0;0;0;1
"Запорізька";"Пологівський район";132;38636;0.00341650274355523;0;1;2;3
"Запорізька";"Приазовський район";12;26280;0.00045662100456621;0;0;0;0
"Запорізька";"Токмак";24;30532;0.000786060526660553;0;0;0;1
"Запорізька";"Токмацький район";3;21330;0.000140646976090014;0;0;0;0
"Запорізька";"Чернігівський район";12;16145;0.000743264168473212;0;0;0;1
"Запорізька";"Якимівський район";36;32490;0.00110803324099723;0;0;1;1
"Івано-Франківська";"Богородчанський район";249;68952;0.00361120779672816;0;1;2;4
"Івано-Франківська";"Болехів";3;10399;0.000288489277815175;0;0;0;0
"Івано-Франківська";"Верховинський район";42;30479;0.00137799796581253;0;0;1;1
"Івано-Франківська";"Ворохта";0;4235;0;0;0;0;0
"Івано-Франківська";"Галицький район";204;41948;0.00486316391723086;0;1;2;5
"Івано-Франківська";"Городенківський район";321;51370;0.00624878333657777;1;1;3;6
"Івано-Франківська";"Долинський район";75;68266;0.00109864354144083;0;0;1;1
"Івано-Франківська";"Івано-Франківськ";1764;237686;0.00742155617074628;1;1;4;7
"Івано-Франківська";"Калуський район";225;57409;0.00391924611123691;0;1;2;4
"Івано-Франківська";"Калуш";474;66140;0.00716661626852132;1;1;4;7
"Івано-Франківська";"Коломийський район";756;96573;0.00782827498369109;1;2;4;8
"Івано-Франківська";"Косівський район";513;86615;0.0059227616463661;1;1;3;6
"Івано-Франківська";"Надвірнянський район";279;114625;0.0024340239912759;0;0;1;2
"Івано-Франківська";"Рогатинський район";138;38653;0.00357022740796316;0;1;2;4
"Івано-Франківська";"Рожнятівський район";162;71707;0.00225919366310123;0;0;1;2
"Івано-Франківська";"Снятинський район";240;63545;0.0037768510504367;0;1;2;4
"Івано-Франківська";"Тисменицький район";396;81796;0.00484131253362023;0;1;2;5
"Івано-Франківська";"Тлумацький район";96;45699;0.00210070242237248;0;0;1;2
"Івано-Франківська";"Яремче";48;8044;0.00596718050721034;1;1;3;6
"Київська";"Баришівський район";54;34577;0.00156173178702606;0;0;1;2
"Київська";"Березань";42;16383;0.00256363303424281;0;1;1;3
"Київська";"Біла Церква";78;209238;0.000372781234766151;0;0;0;0
"Київська";"Білоцерківський район";27;48440;0.00055739058629232;0;0;0;1
"Київська";"Богуславський район";9;33318;0.000270124257158293;0;0;0;0
"Київська";"Бориспіль";51;63169;0.000807358039544713;0;0;0;1
"Київська";"Бориспільський район";30;53619;0.000559503161192861;0;0;0;1
"Київська";"Бородянський район";33;56967;0.000579282742640476;0;0;0;1
"Київська";"Бровари";48;108349;0.000443012856602276;0;0;0;0
"Київська";"Броварський район";84;68688;0.00122292103424179;0;0;1;1
"Київська";"Буча";9;36284;0.000248043214640062;0;0;0;0
"Київська";"Васильків";36;37507;0.000959820833444424;0;0;0;1
"Київська";"Васильківський район";66;57613;0.00114557478346901;0;0;1;1
"Київська";"Вишгородський район";39;76347;0.000510825572714056;0;0;0;1
"Київська";"Володарський район";0;16484;0;0;0;0;0
"Київська";"Ворзель";0;6618;0;0;0;0;0
"Київська";"Гостомель";6;16945;0.000354086751254057;0;0;0;0
"Київська";"Згурівський район";12;15503;0.000774043733470941;0;0;0;1
"Київська";"Іванківський район";9;29174;0.000308493864399808;0;0;0;0
"Київська";"Ірпінь";45;100509;0.000447721099603021;0;0;0;0
"Київська";"Кагарлицький район";6;32346;0.000185494342422556;0;0;0;0
"Київська";"Києво-Святошинський район";531;210123;0.00252709127511029;0;1;1;3
"Київська";"Коцюбинське";12;16862;0.000711659352389989;0;0;0;1
"Київська";"Макарівський район";33;35640;0.000925925925925926;0;0;0;1
"Київська";"Миронівський район";15;33114;0.000452980612429788;0;0;0;0
"Київська";"Обухівський район";39;35278;0.00110550484721356;0;0;1;1
"Київська";"Переяслав";36;26786;0.00134398566415292;0;0;1;1
"Київська";"Переяслав-Хмельницький район";18;27019;0.000666197860764647;0;0;0;1
"Київська";"Поліський район";3;5456;0.000549853372434018;0;0;0;1
"Київська";"Ржищів";0;7323;0;0;0;0;0
"Київська";"Рокитнянський район";6;25729;0.000233199891173384;0;0;0;0
"Київська";"Сквирський район";0;35669;0;0;0;0;0
"Київська";"Славутич";0;24784;0;0;0;0;0
"Київська";"Ставищенський район";21;20983;0.00100081017966926;0;0;1;1
"Київська";"Таращанський район";3;26468;0.000113344415898443;0;0;0;0
"Київська";"Тетіївський район";0;31001;0;0;0;0;0
"Київська";"Фастів";129;45393;0.00284184786200515;0;1;1;3
"Київська";"Фастівський район";54;30331;0.00178035673073753;0;0;1;2
"Київська";"Яготинський район";42;31624;0.00132810523652922;0;0;1;1
"Кіровоградська";"Благовіщенський район";3;21802;0.000137602054857353;0;0;0;0
"Кіровоградська";"Голованівський район";6;29452;0.000203721309248947;0;0;0;0
"Кіровоградська";"Долинський район";0;32610;0;0;0;0;0
"Кіровоградська";"Знам'янка";3;22069;0.000135937287597988;0;0;0;0
"Кіровоградська";"Знам'янський район";0;21755;0;0;0;0;0
"Кіровоградська";"Компаніївський район";3;14694;0.000204164965291956;0;0;0;0
"Кіровоградська";"Кропивницький";177;225339;0.000785483205304009;0;0;0;1
"Кіровоградська";"Кропивницький район";15;36353;0.000412620691552279;0;0;0;0
"Кіровоградська";"Маловисківський район";6;41251;0.000145451019369227;0;0;0;0
"Кіровоградська";"Новгородківський район";3;14831;0.000202279010181377;0;0;0;0
"Кіровоградська";"Новомиргородський район";3;27395;0.000109509034495346;0;0;0;0
"Кіровоградська";"Новоукраїнський район";0;39968;0;0;0;0;0
"Кіровоградська";"Олександрія";3;78366;3.82819079702932e-05;0;0;0;0
"Кіровоградська";"Онуфріївський район";3;17250;0.000173913043478261;0;0;0;0
"Кіровоградська";"Світловодськ";3;44466;6.74672783699906e-05;0;0;0;0
"Кіровоградська";"Світловодський район";0;11397;0;0;0;0;0
"Луганська";"Біловодський район";0;22856;0;0;0;0;0
"Луганська";"Білокуракинський район";6;18307;0.000327743486098214;0;0;0;0
"Луганська";"Борівське";0;5726;0;0;0;0;0
"Луганська";"Гірське";3;9436;0.000317931326833404;0;0;0;0
"Луганська";"Золоте";0;13374;0;0;0;0;0
"Луганська";"Кремінський район";6;37753;0.000158927767329749;0;0;0;0
"Луганська";"Лисичанськ";57;96161;0.000592755898961117;0;0;0;1
"Луганська";"Марківський район";9;14242;0.000631933717174554;0;0;0;1
"Луганська";"Метьолкіне";3;785;0.00382165605095541;0;1;2;4
"Луганська";"Міловський район";24;14885;0.00161236143768895;0;0;1;2
"Луганська";"Новоайдарський район";9;39700;0.000226700251889169;0;0;0;0
"Луганська";"Новопсковський район";18;33173;0.000542609953878154;0;0;0;1
"Луганська";"Попаснянський район";3;74028;4.05252066785541e-05;0;0;0;0
"Луганська";"Привілля";0;6826;0;0;0;0;0
"Луганська";"Рубіжне";21;56785;0.000369815972527956;0;0;0;0
"Луганська";"Сватівський район";6;33302;0.000180169359197646;0;0;0;0
"Луганська";"Сєвєродонецьк";174;102396;0.00169928512832533;0;0;1;2
"Луганська";"Слов'яносербський район";6;48102;0.000124734938256206;0;0;0;0
"Луганська";"Станично-Луганський район";36;46672;0.000771340418237916;0;0;0;1
"Луганська";"Старобільський район";12;42693;0.000281076523083409;0;0;0;0
"Луганська";"Троїцький район";18;18932;0.000950771181069089;0;0;0;1
"Луганська";"Щастя";0;11743;0;0;0;0;0
"Львівська";"Борислав";108;33186;0.00325438437895498;0;1;2;3
"Львівська";"Бродівський район";84;57457;0.00146196285918165;0;0;1;1
"Львівська";"Брюховичі";15;6303;0.00237981913374584;0;0;1;2
"Львівська";"Буський район";45;45934;0.00097966647799016;0;0;0;1
"Львівська";"Винники";60;18099;0.00331510028178352;0;1;2;3
"Львівська";"Гірник";3;2820;0.00106382978723404;0;0;1;1
"Львівська";"Городоцький район";222;68428;0.00324428596480973;0;1;2;3
"Львівська";"Дрогобицький район";126;73993;0.00170286378441204;0;0;1;2
"Львівська";"Дрогобич";225;75396;0.00298424319592551;0;1;1;3
"Львівська";"Жидачівський район";150;65186;0.00230110759979137;0;0;1;2
"Львівська";"Жовківський район";357;110223;0.00323888843526306;0;1;2;3
"Львівська";"Золочівський район";132;68394;0.00192999385911045;0;0;1;2
"Львівська";"Кам'янка-Бузький район";147;57389;0.00256146648312394;0;1;1;3
"Львівська";"Львів";2928;724314;0.00404244567963618;0;1;2;4
"Львівська";"Миколаївський район";243;62537;0.00388569966579785;0;1;2;4
"Львівська";"Моршин";9;5754;0.00156412930135558;0;0;1;2
"Львівська";"Мостиський район";75;56206;0.00133437711276376;0;0;1;1
"Львівська";"Новий Розділ";9;28304;0.000317976257772753;0;0;0;0
"Львівська";"Перемишлянський район";144;37740;0.00381558028616852;0;1;2;4
"Львівська";"Пустомитівський район";471;120872;0.00389668409557218;0;1;2;4
"Львівська";"Радехівський район";111;46634;0.00238023759488785;0;0;1;2
"Львівська";"Рудне";15;7316;0.00205030071077091;0;0;1;2
"Львівська";"Самбір";108;34695;0.00311284046692607;0;1;2;3
"Львівська";"Самбірський район";108;67063;0.00161042601732699;0;0;1;2
"Львівська";"Сколівський район";63;46996;0.00134053962039323;0;0;1;1
"Львівська";"Сокальський район";165;101748;0.00162165349687463;0;0;1;2
"Львівська";"Старосамбірський район";54;76099;0.000709601965860261;0;0;0;1
"Львівська";"Стебник";15;20511;0.000731314904197748;0;0;0;1
"Львівська";"Стрий";63;59730;0.00105474635861376;0;0;1;1
"Львівська";"Стрийський район";30;60912;0.000492513790386131;0;0;0;0
"Львівська";"Східниця";0;2279;0;0;0;0;0
"Львівська";"Трускавець";36;28647;0.00125667609173735;0;0;1;1
"Львівська";"Турківський район";30;48933;0.000613083195389614;0;0;0;1
"Львівська";"Червоноград";42;65871;0.000637609873844332;0;0;0;1
"Львівська";"Яворівський район";264;126115;0.00209332751853467;0;0;1;2
"м. Київ";"Голосіївський район";540;253977;0.00212617677978715;0;0;1;2
"м. Київ";"Дарницький район";1095;347743;0.00314887718803829;0;1;2;3
"м. Київ";"Деснянський район";1338;368988;0.00362613418322547;0;1;2;4
"м. Київ";"Дніпровський район";1173;358244;0.00327430466386039;0;1;2;3
"м. Київ";"Оболонський район";918;318805;0.00287950314455545;0;1;1;3
"м. Київ";"Печерський район";564;163184;0.00345622119815668;0;1;2;3
"м. Київ";"Подільський район";612;208448;0.00293598403438747;0;1;1;3
"м. Київ";"Святошинський район";876;342432;0.00255817213344547;0;1;1;3
"м. Київ";"Солом'янський район";906;383183;0.00236440551903399;0;0;1;2
"м. Київ";"Шевченківський район";630;218485;0.00288349314598256;0;1;1;3
"Миколаївська";"Арбузинський район";6;19269;0.000311380974622451;0;0;0;0
"Миколаївська";"Баштанський район";45;36507;0.00123264031555592;0;0;1;1
"Миколаївська";"Березанський район";3;22422;0.000133797163500134;0;0;0;0
"Миколаївська";"Братський район";3;17129;0.000175141572771323;0;0;0;0
"Миколаївська";"Веселинівський район";12;22091;0.000543207641120818;0;0;0;1
"Миколаївська";"Вітовський район";30;49432;0.00060689431946917;0;0;0;1
"Миколаївська";"Вознесенськ";87;34404;0.00252877572375305;0;1;1;3
"Миколаївська";"Вознесенський район";21;29241;0.000718169693238945;0;0;0;1
"Миколаївська";"Врадіївський район";9;16836;0.000534568781183179;0;0;0;1
"Миколаївська";"Єланецький район";0;14863;0;0;0;0;0
"Миколаївська";"Кривоозерський район";21;23825;0.000881427072402938;0;0;0;1
"Миколаївська";"Миколаїв";900;480080;0.00187468755207465;0;0;1;2
"Миколаївська";"Миколаївський район";24;29389;0.000816632073224676;0;0;0;1
"Миколаївська";"Новобузький район";3;29851;0.000100499145757261;0;0;0;0
"Миколаївська";"Новоодеський район";6;32239;0.000186109991004684;0;0;0;0
"Миколаївська";"Очаків";12;14036;0.00085494442861214;0;0;0;1
"Миколаївська";"Очаківський район";24;14832;0.00161812297734628;0;0;1;2
"Миколаївська";"Первомайськ";39;64103;0.000608395862908132;0;0;0;1
"Миколаївська";"Первомайський район";15;28729;0.000522120505412649;0;0;0;1
"Миколаївська";"Снігурівський район";3;38849;7.72220649180159e-05;0;0;0;0
"Миколаївська";"Южноукраїнськ";21;39404;0.000532940818191047;0;0;0;1
"Одеська";"Ананьївський район";6;25393;0.000236285590517072;0;0;0;0
"Одеська";"Арцизький район";108;43774;0.00246721798327774;0;0;1;2
"Одеська";"Балтський район";12;8164;0.00146986771190593;0;0;1;1
"Одеська";"Березівський район";96;32760;0.00293040293040293;0;1;1;3
"Одеська";"Білгород-Дністровський";126;48674;0.00258865102518799;0;1;1;3
"Одеська";"Білгород-Дністровський район";48;59349;0.000808775211039782;0;0;0;1
"Одеська";"Біляївський район";375;81171;0.0046198765568984;0;1;2;5
"Одеська";"Болградський район";543;66666;0.00814508145081451;1;2;4;8
"Одеська";"Великомихайлівський район";0;30166;0;0;0;0;0
"Одеська";"Затока";6;1761;0.00340715502555366;0;1;2;3
"Одеська";"Захарівський район";6;19824;0.000302663438256659;0;0;0;0
"Одеська";"Іванівський район";90;25743;0.00349609602610418;0;1;2;3
"Одеська";"Ізмаїльський район";792;121867;0.00649888813214406;1;1;3;6
"Одеська";"Кілійський район";33;50386;0.000654943833604573;0;0;0;1
"Одеська";"Кодимський район";15;28282;0.000530372675199774;0;0;0;1
"Одеська";"Лиманський район";123;72605;0.00169409820260313;0;0;1;2
"Одеська";"Любашівський район";15;29253;0.000512767921238847;0;0;0;1
"Одеська";"Миколаївський район";9;15399;0.000584453535943892;0;0;0;1
"Одеська";"Овідіопольський район";258;87551;0.00294685383376546;0;1;1;3
"Одеська";"Одеса";3129;1017699;0.0030745829562572;0;1;2;3
"Одеська";"Окнянський район";6;19606;0.00030602876670407;0;0;0;0
"Одеська";"Олександрівка";12;7612;0.00157645822385707;0;0;1;2
"Одеська";"Подільськ";30;40023;0.00074956899782625;0;0;0;1
"Одеська";"Подільський район";9;25524;0.000352609308885755;0;0;0;0
"Одеська";"Ренійський район";15;36117;0.000415316886784617;0;0;0;0
"Одеська";"Роздільнянський район";57;57209;0.000996346728661574;0;0;0;1
"Одеська";"Савранський район";15;18167;0.000825672923432598;0;0;0;1
"Одеська";"Саратський район";96;44171;0.00217337166919472;0;0;1;2
"Одеська";"Сергіївка";0;5333;0;0;0;0;0
"Одеська";"Тарутинський район";243;40054;0.00606680980676087;1;1;3;6
"Одеська";"Татарбунарський район";9;38065;0.000236437672402469;0;0;0;0
"Одеська";"Теплодар";6;10146;0.000591366055588409;0;0;0;1
"Одеська";"Чорноморськ";246;58934;0.00417416092578138;0;1;2;4
"Одеська";"Ширяївський район";0;26325;0;0;0;0;0
"Одеська";"Южне";54;32724;0.00165016501650165;0;0;1;2
"Полтавська";"Великобагачанський район";3;23456;0.000127899045020464;0;0;0;0
"Полтавська";"Гадяцький район";12;27508;0.000436236731132761;0;0;0;0
"Полтавська";"Глобинський район";15;41270;0.000363460140537921;0;0;0;0
"Полтавська";"Горішні Плавні";18;50816;0.000354219143576826;0;0;0;0
"Полтавська";"Гребінківський район";27;21601;0.00124994213230869;0;0;1;1
"Полтавська";"Диканський район";12;18118;0.000662324759907275;0;0;0;1
"Полтавська";"Зіньківський район";9;32763;0.000274700119036718;0;0;0;0
"Полтавська";"Кобеляцький район";3;40172;7.46788808125062e-05;0;0;0;0
"Полтавська";"Козельщинський район";3;18380;0.000163220892274211;0;0;0;0
"Полтавська";"Котелевський район";18;18950;0.000949868073878628;0;0;0;1
"Полтавська";"Кременчук";30;219022;0.000136972541571166;0;0;0;0
"Полтавська";"Кременчуцький район";0;38814;0;0;0;0;0
"Полтавська";"Лохвицький район";15;40617;0.00036930349361105;0;0;0;0
"Полтавська";"Лубенський район";9;30260;0.000297422339722406;0;0;0;0
"Полтавська";"Лубни";27;45032;0.000599573636525138;0;0;0;1
"Полтавська";"Машівський район";15;18686;0.00080274001926576;0;0;0;1
"Полтавська";"Миргород";30;39099;0.00076728305071741;0;0;0;1
"Полтавська";"Миргородський район";12;29743;0.000403456275426151;0;0;0;0
"Полтавська";"Новосанжарський район";3;32824;9.13965391177187e-05;0;0;0;0
"Полтавська";"Оржицький район";0;22741;0;0;0;0;0
"Полтавська";"Пирятинський район";3;30195;9.93541977148535e-05;0;0;0;0
"Полтавська";"Полтава";447;286649;0.00155939842804266;0;0;1;2
"Полтавська";"Полтавський район";45;68174;0.000660075688678969;0;0;0;1
"Полтавська";"Решетилівський район";9;25336;0.000355225765708873;0;0;0;0
"Полтавська";"Хорольський район";15;32705;0.000458645467053967;0;0;0;0
"Полтавська";"Чорнухинський район";0;10568;0;0;0;0;0
"Полтавська";"Чутівський район";0;22082;0;0;0;0;0
"Полтавська";"Шишацький район";21;19413;0.00108174934322361;0;0;1;1
"Рівненська";"Березнівський район";111;63716;0.00174210559357147;0;0;1;2
"Рівненська";"Вараш";141;42246;0.00333759409174833;0;1;2;3
"Рівненська";"Володимирецький район";99;65501;0.00151142730645334;0;0;1;2
"Рівненська";"Гощанський район";183;34401;0.00531961280195343;1;1;3;5
"Рівненська";"Демидівський район";81;14057;0.00576225368143985;1;1;3;6
"Рівненська";"Дубенський район";150;44352;0.00338203463203463;0;1;2;3
"Рівненська";"Дубно";636;37464;0.0169762972453555;2;3;8;17
"Рівненська";"Дубровицький район";45;46727;0.000963040640315021;0;0;0;1
"Рівненська";"Зарічненський район";150;34722;0.00432002764817695;0;1;2;4
"Рівненська";"Здолбунівський район";246;56109;0.00438432337058226;0;1;2;4
"Рівненська";"Корецький район";144;32553;0.00442355543267902;0;1;2;4
"Рівненська";"Костопільський район";612;63462;0.00964356622860925;1;2;5;10
"Рівненська";"Млинівський район";96;36771;0.00261075303907971;0;1;1;3
"Рівненська";"Острог";126;15457;0.00815164650320243;1;2;4;8
"Рівненська";"Острозький район";102;27744;0.00367647058823529;0;1;2;4
"Рівненська";"Радивилівський район";120;36435;0.00329353643474681;0;1;2;3
"Рівненська";"Рівне";804;246003;0.00326825282618505;0;1;2;3
"Рівненська";"Рівненський район";294;92981;0.00316193630956862;0;1;2;3
"Рівненська";"Рокитнівський район";258;58223;0.00443123851398932;0;1;2;4
"Рівненська";"Сарненський район";111;104037;0.00106692811211396;0;0;1;1
"Сумська";"Білопільський район";54;48264;0.00111884634510194;0;0;1;1
"Сумська";"Буринський район";9;22962;0.000391951920564411;0;0;0;0
"Сумська";"Великописарівський район";0;17482;0;0;0;0;0
"Сумська";"Глухів";12;32686;0.000367129657957535;0;0;0;0
"Сумська";"Глухівський район";6;21243;0.000282445982205903;0;0;0;0
"Сумська";"Конотоп";57;85603;0.000665864514094132;0;0;0;1
"Сумська";"Конотопський район";27;26838;0.00100603621730382;0;0;1;1
"Сумська";"Краснопільський район";3;26988;0.000111160515784793;0;0;0;0
"Сумська";"Кролевецький район";84;36390;0.0023083264633141;0;0;1;2
"Сумська";"Лебедин";36;24600;0.00146341463414634;0;0;1;1
"Сумська";"Лебединський район";0;18510;0;0;0;0;0
"Сумська";"Липоводолинський район";0;17713;0;0;0;0;0
"Сумська";"Недригайлівський район";33;22972;0.00143653142956643;0;0;1;1
"Сумська";"Охтирка";15;47603;0.000315106190786295;0;0;0;0
"Сумська";"Охтирський район";9;25234;0.000356661646984228;0;0;0;0
"Сумська";"Путивльський район";3;26194;0.000114530045048484;0;0;0;0
"Сумська";"Роменський район";42;30876;0.00136027982899339;0;0;1;1
"Сумська";"Ромни";51;38947;0.0013094718463553;0;0;1;1
"Сумська";"Середино-Будський район";3;15561;0.000192789666473877;0;0;0;0
"Сумська";"Сумський район";1269;264981;0.0047890226091682;0;1;2;5
"Сумська";"Тростянецький район";36;33413;0.00107742495435908;0;0;1;1
"Сумська";"Шостка";45;74125;0.0006070826306914;0;0;0;1
"Сумська";"Шосткинський район";3;19420;0.000154479917610711;0;0;0;0
"Сумська";"Ямпільський район";0;22412;0;0;0;0;0
"Тернопільська";"Бережанський район";558;20453;0.0272820613112991;3;5;14;27
"Тернопільська";"Борщівський район";150;64966;0.00230890004002093;0;0;1;2
"Тернопільська";"Бучацький район";396;62242;0.00636226342341184;1;1;3;6
"Тернопільська";"Гусятинський район";510;57964;0.00879856462631978;1;2;4;9
"Тернопільська";"Заліщицький район";291;44966;0.00647155628697238;1;1;3;6
"Тернопільська";"Збаразький район";330;55844;0.00590931881670367;1;1;3;6
"Тернопільська";"Зборівський район";132;39947;0.00330437830124916;0;1;2;3
"Тернопільська";"Козівський район";240;36394;0.0065944935978458;1;1;3;7
"Тернопільська";"Кременецький район";150;45884;0.00326911341644146;0;1;2;3
"Тернопільська";"Лановецький район";141;28410;0.00496304118268215;0;1;2;5
"Тернопільська";"Монастириський район";276;25889;0.0106608984510796;1;2;5;11
"Тернопільська";"Підволочиський район";171;40668;0.00420478017114193;0;1;2;4
"Тернопільська";"Підгаєцький район";36;17534;0.00205315387247633;0;0;1;2
"Тернопільська";"Теребовлянський район";405;62962;0.00643245131984372;1;1;3;6
"Тернопільська";"Тернопіль";1776;223462;0.00794766000483304;1;2;4;8
"Тернопільська";"Тернопільський район";537;67199;0.00799119034509442;1;2;4;8
"Тернопільська";"Чортківський район";642;42832;0.0149887934254763;1;3;7;15
"Тернопільська";"Шумський район";84;32625;0.00257471264367816;0;1;1;3
"Харківська";"Балаклійський район";72;78337;0.000919105914191251;0;0;0;1
"Харківська";"Барвінківський район";18;20087;0.000896101956489272;0;0;0;1
"Харківська";"Близнюківський район";9;17799;0.00050564638462835;0;0;0;1
"Харківська";"Богодухівський район";159;37563;0.0042328887469052;0;1;2;4
"Харківська";"Борівський район";3;15972;0.000187828700225394;0;0;0;0
"Харківська";"Валківський район";18;30791;0.000584586405118379;0;0;0;1
"Харківська";"Великобурлуцький район";168;21256;0.00790365073391043;1;2;4;8
"Харківська";"Вовчанський район";69;44448;0.00155237580993521;0;0;1;2
"Харківська";"Дворічанський район";15;16568;0.000905359729599227;0;0;0;1
"Харківська";"Дергачівський район";66;92829;0.000710984713828653;0;0;0;1
"Харківська";"Зачепилівський район";15;14491;0.00103512525015527;0;0;1;1
"Харківська";"Зміївський район";126;69135;0.0018225211542634;0;0;1;2
"Харківська";"Золочівський район";39;24739;0.00157645822385707;0;0;1;2
"Харківська";"Ізюм";24;46653;0.000514436370651405;0;0;0;1
"Харківська";"Ізюмський район";12;16416;0.000730994152046784;0;0;0;1
"Харківська";"Кегичівський район";6;20353;0.000294796835847295;0;0;0;0
"Харківська";"Ківшарівка";3;18496;0.00016219723183391;0;0;0;0
"Харківська";"Коломацький район";12;6677;0.0017972143178074;0;0;1;2
"Харківська";"Красноградський район";39;43034;0.000906260166380072;0;0;0;1
"Харківська";"Краснокутський район";27;26907;0.00100345634964879;0;0;1;1
"Харківська";"Куп'янськ";9;27584;0.000326276102088167;0;0;0;0
"Харківська";"Куп'янський район";9;23180;0.000388265746333046;0;0;0;0
"Харківська";"Лозівський район";15;27331;0.000548827338919176;0;0;0;1
"Харківська";"Лозова";21;54618;0.000384488630121938;0;0;0;0
"Харківська";"Люботин";78;20646;0.003777971519907;0;1;2;4
"Харківська";"Нововодолазький район";48;31472;0.00152516522623284;0;0;1;2
"Харківська";"Первомайський";9;29357;0.000306570834894574;0;0;0;0
"Харківська";"Первомайський район";6;14747;0.000406862412694107;0;0;0;0
"Харківська";"Печенізький район";3;9617;0.000311947592804409;0;0;0;0
"Харківська";"Сахновщинський район";3;20181;0.000148654675189535;0;0;0;0
"Харківська";"Харків";7119;1443207;0.00493276432278945;0;1;2;5
"Харківська";"Харківський район";396;176186;0.00224762466938349;0;0;1;2
"Харківська";"Чугуїв";60;31861;0.0018831800634004;0;0;1;2
"Харківська";"Чугуївський район";66;45362;0.00145496230324942;0;0;1;1
"Харківська";"Шевченківський район";30;19694;0.00152330659083985;0;0;1;2
"Херсонська";"Антонівка";9;12752;0.000705771643663739;0;0;0;1
"Херсонська";"Бериславський район";36;45931;0.00078378437221049;0;0;0;1
"Херсонська";"Білозерський район";15;64790;0.000231517209445902;0;0;0;0
"Херсонська";"Великоолександрівський район";3;24494;0.000122478974442721;0;0;0;0
"Херсонська";"Високопільський район";3;14119;0.000212479637368086;0;0;0;0
"Херсонська";"Генічеський район";3;58331;5.14306286537176e-05;0;0;0;0
"Херсонська";"Голопристанський район";9;44639;0.000201617419745066;0;0;0;0
"Херсонська";"Горностаївський район";6;18993;0.000315905860053704;0;0;0;0
"Херсонська";"Зеленівка";3;5757;0.000521104742053153;0;0;0;1
"Херсонська";"Каховка";15;35795;0.000419052940354798;0;0;0;0
"Херсонська";"Каховський район";6;34521;0.000173807247762232;0;0;0;0
"Херсонська";"Нова Каховка";9;45422;0.000198141869578618;0;0;0;0
"Херсонська";"Нововоронцовський район";3;20251;0.000148140832551479;0;0;0;0
"Херсонська";"Новотроїцький район";3;34747;8.63383889256626e-05;0;0;0;0
"Херсонська";"Олешківський район";30;70128;0.000427789185489391;0;0;0;0
"Херсонська";"Скадовський район";6;46043;0.00013031296831223;0;0;0;0
"Херсонська";"Таврійськ";0;10360;0;0;0;0;0
"Херсонська";"Херсон";171;286958;0.000595906021090194;0;0;0;1
"Херсонська";"Чаплинський район";3;34149;8.78503030835456e-05;0;0;0;0
"Хмельницька";"Білогірський район";48;25403;0.0018895406054403;0;0;1;2
"Хмельницька";"Віньковецький район";21;22740;0.000923482849604222;0;0;0;1
"Хмельницька";"Волочиський район";348;48875;0.00712020460358056;1;1;4;7
"Хмельницька";"Городоцький район";51;45429;0.00112263091857624;0;0;1;1
"Хмельницька";"Деражнянський район";18;30458;0.000590977739838466;0;0;0;1
"Хмельницька";"Дунаєвецький район";57;59576;0.000956761111857124;0;0;0;1
"Хмельницька";"Ізяславський район";36;41972;0.000857714666920804;0;0;0;1
"Хмельницька";"Кам'янець-Подільський";105;98970;0.00106092755380418;0;0;1;1
"Хмельницька";"Кам'янець-Подільський район";57;63302;0.000900445483555022;0;0;0;1
"Хмельницька";"Красилівський район";114;49345;0.00231026446448475;0;0;1;2
"Хмельницька";"Летичівський район";42;26490;0.00158550396375991;0;0;1;2
"Хмельницька";"Нетішин";123;36746;0.00334730310782126;0;1;2;3
"Хмельницька";"Новоушицький район";120;26983;0.0044472445613905;0;1;2;4
"Хмельницька";"Полонський район";27;42648;0.000633089476646033;0;0;0;1
"Хмельницька";"Славута";186;35230;0.00527959125745104;1;1;3;5
"Хмельницька";"Славутський район";69;28018;0.00246270254836177;0;0;1;2
"Хмельницька";"Старокостянтинів";36;34455;0.00104484109708315;0;0;1;1
"Хмельницька";"Старокостянтинівський район";6;27023;0.000222033082929356;0;0;0;0
"Хмельницька";"Старосинявський район";33;19093;0.00172838212957628;0;0;1;2
"Хмельницька";"Теофіпольський район";72;25353;0.00283990060347888;0;1;1;3
"Хмельницька";"Хмельницький";768;273713;0.00280585869140304;0;1;1;3
"Хмельницька";"Хмельницький район";93;52955;0.00175620810121802;0;0;1;2
"Хмельницька";"Чемеровецький район";33;38770;0.000851173587825638;0;0;0;1
"Хмельницька";"Шепетівка";66;41189;0.0016023695646896;0;0;1;2
"Хмельницька";"Шепетівський район";21;32100;0.000654205607476636;0;0;0;1
"Хмельницька";"Ярмолинецький район";138;27866;0.00495227158544463;0;1;2;5
"Черкаська";"Ватутіне";9;16200;0.000555555555555556;0;0;0;1
"Черкаська";"Городищенський район";24;38487;0.000623587185283342;0;0;0;1
"Черкаська";"Драбівський район";69;32932;0.00209522652738977;0;0;1;2
"Черкаська";"Жашківський район";33;35145;0.000938967136150235;0;0;0;1
"Черкаська";"Звенигородський район";24;42176;0.000569044006069803;0;0;0;1
"Черкаська";"Золотоніський район";24;39349;0.000609926554677374;0;0;0;1
"Черкаська";"Золотоноша";9;27664;0.000325332562174667;0;0;0;0
"Черкаська";"Кам'янський район";27;25767;0.00104785190359762;0;0;1;1
"Черкаська";"Канів";93;23597;0.00394117896342755;0;1;2;4
"Черкаська";"Канівський район";9;18587;0.000484209393662237;0;0;0;0
"Черкаська";"Катеринопільський район";18;23093;0.000779456978305114;0;0;0;1
"Черкаська";"Корсунь-Шевченківський район";102;40625;0.00251076923076923;0;1;1;3
"Черкаська";"Лисянський район";51;22202;0.00229709035222052;0;0;1;2
"Черкаська";"Маньківський район";48;26211;0.00183129220556255;0;0;1;2
"Черкаська";"Монастирищенський район";0;34817;0;0;0;0;0
"Черкаська";"Сміла";147;66972;0.00219494714208923;0;0;1;2
"Черкаська";"Смілянський район";87;31264;0.00278275332650972;0;1;1;3
"Черкаська";"Тальнівський район";9;31874;0.000282361799585869;0;0;0;0
"Черкаська";"Уманський район";18;41994;0.00042863266180883;0;0;0;0
"Черкаська";"Умань";39;82603;0.000472137815817827;0;0;0;0
"Черкаська";"Христинівський район";21;33479;0.000627258878700081;0;0;0;1
"Черкаська";"Черкаси";351;274762;0.00127746922791361;0;0;1;1
"Черкаська";"Черкаський район";33;73883;0.000446652139193048;0;0;0;0
"Черкаська";"Чигиринський район";6;25410;0.000236127508854782;0;0;0;0
"Черкаська";"Чорнобаївський район";9;39346;0.000228739897321202;0;0;0;0
"Черкаська";"Шполянський район";24;41211;0.000582368785033122;0;0;0;1
"Чернівецька";"Вижницький район";438;55095;0.00794990471004628;1;2;4;8
"Чернівецька";"Герцаївський район";291;33175;0.00877166541070083;1;2;4;9
"Чернівецька";"Глибоцький район";519;74131;0.007001119639557;1;1;4;7
"Чернівецька";"Заставнівський район";687;48198;0.0142537034731732;1;3;7;14
"Чернівецька";"Кельменецький район";114;39157;0.00291135684551932;0;1;1;3
"Чернівецька";"Кіцманський район";1158;68027;0.0170226527702236;2;3;9;17
"Чернівецька";"Новодністровськ";42;10622;0.00395405761626812;0;1;2;4
"Чернівецька";"Новоселицький район";738;76744;0.00961638694881685;1;2;5;10
"Чернівецька";"Путильський район";147;26304;0.00558850364963504;1;1;3;6
"Чернівецька";"Сокирянський район";102;41686;0.00244686465480017;0;0;1;2
"Чернівецька";"Сторожинецький район";591;100918;0.00585623971937613;1;1;3;6
"Чернівецька";"Хотинський район";363;60515;0.00599851276543006;1;1;3;6
"Чернівецька";"Чернівці";3354;267060;0.0125589755111211;1;3;6;13
"Чернігівська";"Бахмацький район";33;42381;0.000778650810504707;0;0;0;1
"Чернігівська";"Бобровицький район";270;31435;0.00858915221886432;1;2;4;9
"Чернігівська";"Борзнянський район";78;29500;0.00264406779661017;0;1;1;3
"Чернігівська";"Варвинський район";12;15186;0.000790201501382853;0;0;0;1
"Чернігівська";"Городнянський район";24;26850;0.000893854748603352;0;0;0;1
"Чернігівська";"Ічнянський район";48;29658;0.00161845033380538;0;0;1;2
"Чернігівська";"Козелецький район";102;42282;0.00241237405988364;0;0;1;2
"Чернігівська";"Коропський район";51;21620;0.00235892691951896;0;0;1;2
"Чернігівська";"Корюківський район";24;25422;0.000944064196365353;0;0;0;1
"Чернігівська";"Куликівський район";60;15730;0.00381436745073109;0;1;2;4
"Чернігівська";"Менський район";12;33730;0.000355766380077083;0;0;0;0
"Чернігівська";"Ніжин";279;68007;0.00410251885835282;0;1;2;4
"Чернігівська";"Ніжинський район";117;25716;0.00454969668688754;0;1;2;5
"Чернігівська";"Новгород-Сіверський район";9;12340;0.000729335494327391;0;0;0;1
"Чернігівська";"Носівський район";171;27749;0.00616238423006234;1;1;3;6
"Чернігівська";"Прилуки";129;53395;0.00241595655023879;0;0;1;2
"Чернігівська";"Прилуцький район";33;34406;0.000959135034586991;0;0;0;1
"Чернігівська";"Ріпкинський район";3;25646;0.000116977306402558;0;0;0;0
"Чернігівська";"Сновський район";24;22405;0.00107118946663691;0;0;1;1
"Чернігівська";"Срібнянський район";3;10691;0.000280609858759704;0;0;0;0
"Чернігівська";"Талалаївський район";39;12065;0.00323249067550767;0;1;2;3
"Чернігівська";"Чернігів";501;286899;0.00174625913649054;0;0;1;2
"Чернігівська";"Чернігівський район";36;51152;0.000703784798248358;0;0;0;1
